feature_index,weight
0,0.04675234854221344
1,0.1050441712141037
2,0.030536049976944923
3,-0.003658425761386752
4,-0.23099085688591003
5,0.7796580791473389
6,-0.5697460770606995
