feature_index,weight
0,0.2779107093811035
1,-0.1026228666305542
2,0.13269822299480438
3,-0.4537593722343445
4,0.6908812522888184
5,0.4323164224624634
6,0.15656740963459015
