feature_index,weight
0,-0.2225935012102127
1,-0.5321641564369202
2,0.17828059196472168
3,0.06147563457489014
4,0.05045009031891823
5,-0.7476263642311096
6,0.26495248079299927
