feature_index,weight
0,-0.16435712575912476
1,-0.2010500431060791
2,0.3091944754123688
3,0.39045679569244385
4,-0.49459245800971985
5,0.17358191311359406
6,0.615068793296814
7,-0.17733001708984375
