feature_index,weight
0,0.689860999584198
1,-0.10754890739917755
2,-0.43551522493362427
3,0.490637868642807
4,0.2865763008594513
