feature_index,weight
0,-0.17955763638019562
1,-0.22240298986434937
2,-0.07440128177404404
3,0.09628146141767502
4,-0.06848618388175964
5,0.9245531558990479
6,-0.20976512134075165
