feature_index,weight
0,-0.29096025228500366
1,-0.1516142040491104
2,-0.07159309089183807
3,-0.21884848177433014
4,0.11546217650175095
5,0.9051831960678101
6,0.08152846246957779
